OTU_ID	HARLEY_FARMS_new2b-Control	HARLEY_FARMS_new2b-Drought	WINDMILL_farm-Control	WINDMILL_farm-Drought	Castle_Field_West_W-Control	Castle_Field_West_W-Drought	Jemma_6-Control	Jemma_6-Drought	Jemma_9-Control	Jemma_9-Drought	Lardon_Chase-Control	Lardon_Chase-Drought
7b767de85e45aafef3b8f8f9502f65ea	0	0	0	0	0	0	2	0	0	0	0	0
2444eb0136cedba43fb3c5502fb60828	0	0	0	0	0	0	1	0	0	0	0	0
c4e7e72bcb5035f2f2d48cc1bd358536	0	2	0	3	5	0	2	0	0	0	1	0
51b51c79dcef1734e4b0731a2aa89482	2	2	7	2	0	0	4	0	2	2	2	2
5e07ada7eba22e9513883191e1e172c2	0	0	2	0	0	0	2	0	0	0	0	0
caf0c74607eb42137c6933c5f02bb41d	0	0	0	0	1	4	0	0	0	0	0	0
a1959b578eb4996fe1622876709424bd	6	0	2	0	0	0	0	0	0	0	0	0
a6dfe1d2a436495ac43b6a3d84b38dde	8	1	2	1	2	3	1	0	0	3	2	0
5b3d82f2bc0d38784ee7c42b38e94217	0	0	2	0	0	0	0	0	0	0	0	0
2824469ad4ce3497fe6b83117b69cd94	0	0	0	0	0	0	2	0	0	0	0	0
6871dead77fc93cb2cc93284de865058	1	0	0	0	0	0	0	0	0	0	0	0
6b5e1e4d8085b0449f6cc1d246250f26	4	0	0	3	0	0	0	0	0	0	0	2
0fafb2679da87cdf62c6d51a59ed0e06	0	2	0	3	0	0	2	4	5	3	2	0
1b2d420502af8e3436e63f1936d3e76a	0	0	0	0	2	0	0	0	0	2	0	3
ff24eae4f3c89f1a6d6bf8aaf442d4d9	0	0	0	0	0	0	2	0	0	0	2	0
a82f4cfa11e724a63852dce8fd548ae9	0	0	0	0	0	0	0	2	0	0	0	0
fe8456c34ec9fbe3eb330914af9687c8	0	0	2	0	0	0	2	5	0	0	0	0
458b17226303b920acb545eb2fd17109	3	3	2	3	6	3	1	2	0	2	0	3
5632258a641b7d7d0b201c6e26c8fcff	0	0	0	2	0	0	0	0	0	0	0	0
0a8e0cd2a04ac108424ea57fe25f3c0c	3	4	0	5	8	9	2	4	10	7	4	2
304e36660a525126b759f02f0674e272	0	0	0	3	0	0	0	0	0	0	0	0
6d280c7e0b95fa45cf02760f1f7d9008	0	0	0	0	2	3	0	0	0	2	0	2
9425cc27c5812900363052c58d5e904b	15	24	24	31	31	22	27	30	13	14	36	30
480d819de185c1acc65e8016fab59dfa	4	2	0	0	2	0	2	0	0	0	0	1
165b9cd708cb2fef4ba9ba1e15893975	0	2	0	0	0	0	0	0	0	0	0	0
075f444ad7bc646d9209fdceec065e63	17	27	17	0	33	19	18	22	21	0	28	20
bf26b4f010a83b041535beb901f0b2b1	115	119	182	133	177	183	176	158	119	151	133	114
f3d61bf34ace084ae48f9f7c0774c19c	0	0	0	3	0	0	0	0	0	0	1	0
043be299d47881bf9cf69c413cdf6b67	0	0	0	7	0	0	0	0	0	0	0	0
a1b42dd336a14f430667ec7ae0ae58ff	0	0	0	3	8	7	0	0	0	0	0	0
5134a916c92212bbe976fb44ab79ea71	0	0	0	0	0	0	3	0	0	0	0	0
2ab80c769e4c7c90c33e4e54f87ce3cd	0	0	6	7	0	0	0	0	0	0	0	0
5e6675ae6e5c264d01a474303dec48a7	0	0	9	7	0	0	0	0	0	0	0	0
7f5ea758f877b46c63536f685054706c	0	4	0	0	3	0	3	0	0	0	0	0
4621c0ad515778ff80487c9bf5533175	37	10	38	30	33	32	26	16	20	7	23	8
d68f2e3c8242765730a2aad8f496b2f5	19	7	15	17	12	16	7	0	0	0	12	5
22d2c16fed987245e318cd86dd32f039	5	0	8	0	0	0	6	0	7	0	16	7
348587de1c1500876a236043075d88c1	0	0	0	6	10	9	0	0	0	0	0	0
b4b8b6c396da7e9b586430c1126901ef	27	16	49	39	25	18	17	7	9	0	16	11
af52bbb8805d2a31f9313e136bfaba29	12	0	6	0	0	0	0	3	6	10	6	0
eca96c04afc6c35b30a2bf414bc55bf3	8	0	8	4	0	0	0	0	0	0	0	0
21d931f6ef2f8240dc13605805d1efc2	0	0	0	0	0	0	0	2	0	0	0	0
8e3a037856db4783b9db0edfab765f8a	6	0	0	4	9	5	5	4	7	5	4	6
99a76b448413b71c511038f0c824061c	6	0	0	0	0	2	0	0	0	0	0	0
e18dc06606ade1989bc4348cd6cfe1a7	0	0	0	1	0	0	0	0	0	0	0	0
d49c51e04b4ed14798da1e366a6a3a97	3	4	4	2	0	0	1	2	3	2	5	3
2d1986337b8056b9bd547755558ecede	0	0	0	0	0	4	0	0	0	0	0	0
cfd7fa7e4ed76e8d809e85534e16b622	0	5	0	0	0	0	0	0	0	0	0	0
4c533404b824e4c13376fe1a0a45bdde	0	0	0	0	0	0	0	0	0	0	4	0
b2f359950ac822ed70391f84d75e95f1	0	15	0	2	0	2	28	0	2	0	6	8
1c1598880024a46c699fffd7b465a683	0	4	0	3	53	11	8	7	7	2	7	0
f0c212406208d74df7b424fd2de301b2	0	0	11	0	0	0	0	0	2	2	0	0
c9c8c16bbd0fd1601b2b011c865bb3a6	0	4	0	0	0	0	1	2	0	1	0	0
93bf859d3433b8118bf5be7423c8a648	2	0	0	4	5	4	0	4	2	1	3	2
396ccf7f5aa7630322f60b3ce14f9d75	3	1	0	0	0	0	4	2	3	1	7	5
07dd9d9ca3630e7d67e0885d80d79cd8	4	0	15	11	0	5	4	3	0	0	0	7
3e2c054209e35e759b9e432cff64f45f	0	0	3	0	0	0	0	0	4	0	0	0
9f67ce256585b51af18e408b8f0e81cf	0	2	3	7	0	2	4	1	1	2	2	5
0d73798d39475937765141e3560e6387	4	6	0	3	4	0	7	7	9	4	8	4
726e4bb820446187d5b21c765c3f1752	0	5	0	3	2	3	4	2	0	0	0	2
225ec9d0b95dfac9ba18c6ff163dbbcf	0	0	0	0	0	0	2	3	0	0	0	0
6457f087786ec7e27050f661930316d5	0	0	0	0	3	0	0	0	0	0	0	0
e3e190a17820e037d9a09f1a3be5a777	0	0	0	0	0	0	0	0	0	0	0	1
ea433634331d4e84a44e3ae3ddf9cc35	3	3	0	6	3	0	0	4	0	3	2	3
c888b309e03dc46ea6333b718f0cbfbf	0	0	0	0	0	0	4	0	0	0	0	3
7aa69755e87e844c717a90595fbd1f70	7	1	3	3	12	10	15	14	3	10	9	17
b9d9b296ff07f3e602fd7a5ae1dcbbea	0	0	0	2	3	5	5	2	5	0	2	3
a05431394aacc8a46ca1135096ea3e91	8	4	9	9	15	11	7	9	0	0	7	10
6e2f4864f840fb20328f0b10d60d21fe	26	20	19	20	18	10	13	18	16	36	9	21
1fe4419ec5103e759bbb9ee894c00ce5	0	0	0	0	9	4	5	7	4	0	3	0
a62a5ca6b8f9fb055d7dd68754d2f987	87	61	54	76	145	117	130	121	102	84	41	60
2536ff2efcf17962fbbb0dfaa639e0eb	16	48	32	39	33	38	38	37	55	39	50	63
7023b6b627131974d086e3905aee3686	19	0	1	0	2	9	4	5	10	0	6	0
4dac03f0e70d43dc29c5745178ffd65c	0	0	0	0	0	0	0	2	0	0	0	0
da6b27c3601050e1740d299e5684c132	128	142	149	117	208	211	191	166	187	112	141	169
82230c4e1ca23c2c32c94f761f5f188e	255	201	176	198	257	267	244	248	311	298	202	244
99606e8ab3a457b90de6f6802a85fd3d	97	72	74	105	93	92	89	107	99	64	95	120
843b6a136a4cdb44735a667ffe40d153	573	354	364	393	526	522	432	471	483	469	414	654
ee84186fa59480dd525173b28e43dbe6	0	0	3	0	0	0	0	0	0	0	0	0
a1a56a2277b0154624a598c1b7d4d458	0	0	6	1	3	0	0	0	0	3	0	2
e39a8ec0f922bdf9f95e95740828fcca	2	0	7	7	0	8	4	11	2	0	8	0
79e4bbca91930207ddb74ed45cfff22c	44	16	18	13	18	21	14	8	13	16	9	12
f2396f534c3b27ed9d49f153442c5cf0	0	0	0	5	0	0	0	0	0	0	0	0
af7827a247a7b18c528328cc3930248a	5	0	0	0	0	0	0	0	1	0	0	0
77dd8b6ec3a35230d51dff3e02ea3882	5	3	0	5	0	3	10	12	1	4	0	8
f3f2b678f7a539912aaa0a2f00b33bfb	0	0	0	0	0	2	6	4	5	0	3	1
54e397682e107d04a7fe1fae9aafe364	39	51	49	12	9	69	19	14	37	3	35	0
1eefa7ef7e163adbe6be68821b1fa042	13	0	0	0	2	0	0	0	0	0	0	0
225c36b39d3826677dda8ec7a0053425	0	5	0	0	0	0	0	0	0	0	0	0
67cd63792e78e5c0624f90683f990e78	36	2	0	0	3	0	1	0	0	0	0	0
655133071c55eb529b8011e9d8882a1b	31	8	31	8	0	1	0	0	15	0	0	0
c3ba0e98673895ace6ce35d19d5c43c7	5	0	3	0	0	0	0	0	0	0	0	0
4d5c6bb2790aed07ecee966944322a76	8	0	0	0	0	0	0	0	0	0	0	0
11af8ca2ed6fc44ebf9709d71e7c597d	4	0	0	0	0	0	0	0	0	0	0	0
0a47746c838d85c31956c7e0687d8c58	5	0	0	6	0	0	0	0	2	0	0	0
4d3a327bff43e60ba395c235a2d391a7	6	0	0	0	0	0	0	0	0	0	3	0
08db69f234b86ad5f04b36fd4034ca91	2	3	0	1	0	0	0	0	0	1	0	0
68f0d376b86eaa4bb3344dc1876232fa	0	0	6	0	0	0	0	0	0	0	0	0
14a12e210b474957f0442be3f1642872	376	235	393	424	206	223	230	261	359	434	241	250
28c09293adeb6baaa80889422e45ce96	2	3	2	5	0	0	0	3	3	0	0	0
5fc0958e7bc8ff38384ff3e060fa3369	0	0	0	1	0	0	0	0	0	0	0	0
4ba644a3f3e447324c86dfd2e854daa0	0	0	0	3	0	0	0	0	0	0	0	0
20d8374b617e61cf76be0bcb82e88f31	0	0	0	7	0	0	0	0	0	0	0	0
abe1fc77b9a2b613a89e898e2b5f545d	0	0	0	3	0	0	0	0	0	0	0	0
09bb69f045cbbe338ae6af8cad42be5d	0	0	2	0	0	0	0	0	0	0	0	0
c283a7b6c0d7847308c762350a356fa1	0	0	0	1	0	0	0	0	0	0	0	0
66632c1f7fbf437173c6917e6b98b694	3	3	0	0	0	0	0	0	6	2	0	0
d742cce28a1b04520050e1e5e2ca39a7	0	0	0	1	0	0	0	0	0	6	0	0
f991cb9d18711d3b710fdf50dc9152fe	17	12	22	36	18	14	12	22	15	21	6	14
12658a1ea25ebf1fb4305e1bf261886c	0	0	0	1	0	0	0	0	6	0	0	0
5ba1e6839b8fb794c139675b578e3f33	0	0	2	4	0	0	0	3	11	26	3	0
f1bb5a4a5f740cc4fafe0ae56edf6673	16	0	11	33	20	0	4	0	20	0	0	0
2077353ea1cbbc3701f16b57b9b40c51	60	42	41	46	103	90	86	58	5	36	65	0
a1c2a9f6fa467649929b40a0313f958e	0	0	2	9	0	0	0	4	0	0	0	0
89f152050df051995d42f95a2b86aa4a	3	4	12	10	8	7	9	5	0	6	3	0
c75f9fbc8999c81c5469b8d01059e0fd	0	0	0	0	0	0	3	0	0	0	0	0
fc62c73b89b5043cbe5ae87a23455108	4	13	4	9	17	16	15	34	0	11	19	0
2d31583e2186e37493efd18a8576bfa1	41	12	24	22	30	13	33	22	19	29	20	11
9a1eaa4910bcf548edbf617ee300bd4d	8	15	12	9	18	13	33	32	27	20	20	11
c85cd6909049ebe0c04867097c19edf0	0	0	0	0	4	0	0	0	0	0	0	0
df3a1f68dc31aa805c1dd81a35b12dd6	0	1	0	0	0	3	0	0	0	0	0	3
8f04ffb2cb1c63b1c048a97ef3720448	0	0	0	2	0	4	0	0	0	1	0	0
fd70d5734f0225f76dca47eeeabdba41	0	3	0	4	0	0	0	0	0	0	0	0
8f391ffd5a24b45fca6879d277b40345	8	2	16	18	11	8	4	15	10	2	0	5
650d5b2de3201e63a651cfb2eb3ad918	6	0	0	4	0	3	1	7	0	0	6	2
30b9c79d3464b278a8f48ff4129c9a1d	0	3	0	0	5	0	2	0	2	0	0	0
a0644b3d188a402be84071716334bf27	0	2	0	2	1	2	0	0	1	0	0	0
cbd2a153b2f7aa7e57aa50337f4568cd	0	0	0	1	1	2	0	3	1	4	0	0
ba9bad70b6752b538723c596d93060e1	8	3	0	3	0	0	0	0	1	0	0	0
74a46bbd010e5dfe8b988be11c02b8b5	38	0	16	10	0	0	4	0	0	0	0	0
78c7781f4960ee7291e27cc973a64721	5	2	11	3	7	0	0	2	3	0	0	0
2ba5c6aa5d49ac2f86479fb360d9321b	3	2	0	0	0	0	5	2	2	3	2	0
d73baaef3f7e3d989a79dd1267159d25	0	3	0	0	0	3	0	0	0	3	0	0
70ba84a993f067ab455b2a6f5ba58524	8	7	19	13	12	4	2	7	7	1	4	8
87b6abbd4901fd9463209c436459e54f	263	108	266	202	138	163	132	136	217	250	104	147
05e80f5d06687e886162020f40a31e36	0	2	7	6	8	5	4	2	2	2	5	1
9a701fda9f10440536f0e0bd21ab182f	0	0	0	0	0	0	2	0	0	0	0	0
c452b4f4e87c2e1af091dcdb178f02aa	0	0	0	0	0	0	0	1	0	0	0	0
abe9296badb5dbcd3a6da62e5162bb9b	0	0	0	0	0	3	0	0	0	0	0	0
bb5720c689c4dea2417f8c111e984c7b	0	0	0	0	0	2	5	0	0	0	0	0
67a82a8ab35161e0e7183223f1778f61	0	0	3	0	2	0	0	0	0	0	0	0
8baf366ae13e8b53aa8fec963cffbbcb	0	0	0	0	0	0	4	0	0	0	0	0
e96ca53dd1dc2041f725233da39ddb32	2	0	3	0	0	0	5	2	1	0	4	0
be634f05ac9cea322d2bf9263074c671	0	0	0	0	2	0	2	3	0	0	1	0
fd27c011b244d221851023a7884b3b1c	0	0	0	0	0	2	0	5	0	0	0	0
66136169af9f20531d64b806b5bf12db	0	0	0	0	0	0	0	1	0	0	0	0
62cfd46f75069ec1a7d0f3ba80b314dc	0	0	0	0	2	0	0	0	0	0	0	0
dae51e2ae5da97c05e5ed81c0bbc0b6f	10	3	0	4	0	0	0	0	0	0	0	0
80560bfb7ce52f7bfeebf82cc3cc8f9f	0	2	0	0	0	0	0	0	0	0	0	0
cfbe0f43d18490e6d91b661ba6f9f54a	16	18	12	25	8	20	12	2	0	4	14	0
ba41964948175e0616166c2145496084	2	2	0	0	0	2	0	0	0	0	6	0
4e451c9c60db903a4ebe6d33fc5ced4c	33	8	30	47	13	12	7	11	9	17	22	2
eccee44eba19f482192a2f5069a7aab7	224	98	153	198	138	118	86	52	5	24	87	0
da6058db1d6501847eca436cf7ce4dca	74	83	96	155	141	103	105	63	171	151	37	102
11fc111e24e20cd5507b372d4946e686	7	10	19	23	19	16	16	26	36	39	19	5
f2ea0ff5e2c06f4d6312b2aea89089fd	0	0	0	0	0	0	0	0	3	0	0	0
2d1991bb508bf8aa466a8365c2c81be1	0	0	0	0	0	3	4	4	0	0	0	2
4f134b9899dd20a53e100c9a9d6804d8	0	0	3	0	0	0	0	0	0	0	0	0
cf58fbe6f299641075f964cdfd1c4c9c	0	0	0	0	0	0	0	0	2	0	0	0
73fb961aa653292d3d6b242df3dd5be2	0	0	0	0	0	1	3	3	0	0	0	0
9d8f4ca151b0aed5d7b72da7b02f642e	43	31	38	30	50	36	35	41	27	23	42	34
b64f176e9fc60634871ee4179020a865	7	7	0	1	12	11	11	0	3	0	6	0
23bb1b5a175d85b3d7071afe0b09525f	3	0	0	0	0	0	2	0	0	0	0	0
d70a05bbd5a639bcd39548f494052bf5	14	4	12	15	7	3	7	8	5	6	3	2
3959263f25ae83d66bae9bea9177bc15	0	0	4	0	0	0	0	0	1	0	0	0
0a7eb32c68bf4410b42bfc4654d5c463	0	0	0	0	0	0	1	0	0	0	0	0
faf52eb03a69af56e8bd949cee5bf17a	7	7	5	3	3	4	6	6	7	3	0	3
957cfbe0a2aab77e67a13cbc4c66eeb5	1	0	0	0	0	0	0	0	0	0	0	0
2e9d656df97d1e20f423a5b39a9343ff	17	11	9	5	9	2	8	4	8	5	17	6
56e0faa2251ce445ed097740168d48e3	0	0	0	0	0	0	0	6	0	6	5	1
6de43095d455191129f2d97cf10cccff	7	4	19	27	7	0	6	4	3	2	0	7
7995fe7b4c7ccf57f3080a125d1a4a17	15	12	13	15	21	0	18	4	12	17	7	15
c6c6c2789361707e305cb07af667f850	10	6	9	13	11	10	14	0	3	7	3	4
2cb928e3ed0548c00958aae08ce35129	7	0	6	5	2	0	4	3	9	0	5	0
361d6f0f38dc6d36a4e3b294a31ad4af	0	4	0	2	0	4	0	0	0	1	2	0
0579e554faec512d555a039557ef4b37	0	0	5	1	6	2	0	2	1	7	0	7
9c6b39853d3dbaeee611d996cfcd3b0f	28	129	52	56	183	213	145	150	108	92	144	181
b0da39f507d091f11f8cb391ac7a1d99	6	11	8	9	3	15	6	8	0	0	10	9
e7bb91308469b8557027b23e097508b6	6	0	12	18	0	0	0	4	10	0	0	0
b9fe744e7f082f98198f9df63df82232	15	4	0	1	0	0	0	0	0	0	0	0
7045f2ff2d39797d4573cfc45d860f98	178	150	241	201	132	111	178	198	199	193	163	150
af2c6fffaa7c7aaf22d2fc7e92491ada	253	157	240	187	199	195	227	236	307	292	162	199
09ec1943f742ce30e59ae39912ed81f0	193	147	221	160	93	126	158	161	207	179	158	200
fe045054cd57974deef2dd574c346a07	16	23	31	12	25	10	7	11	15	16	15	14
6edc037d71d04eb2b54cb087b5b4935e	21	27	0	10	20	11	83	80	174	201	15	19
423bb143553f9b5976dcbeb40e2813f9	1062	945	922	1042	409	482	859	972	937	929	990	1168
9b246a8d40774ee2997f0e7060353655	0	0	0	0	0	0	1	0	0	0	0	0
149f27c5e8cf31678989f04af9403701	11	15	14	23	0	0	0	0	2	7	8	16
f3c06bb131189dd6497fb7ecbad525e6	0	0	0	2	0	0	0	3	6	0	1	0
9537e28a0ebc22123534b909440009c4	3	4	0	0	0	0	0	0	0	0	0	4
dd30ef69077f995fb19e780e7b1be4ea	5	0	0	0	0	0	0	0	0	0	0	0
a9c3f90d5b1b1169be3a68deaca2b574	3	10	3	0	0	0	0	0	5	11	0	3
4d5ada1b87f0e4dd55d754ff46423f84	0	0	0	0	0	0	0	0	1	0	0	0
9c958fa33b62f28eb245d5f72377ad04	34	15	0	9	4	10	3	7	9	7	15	16
970089d4fb194cd4e5984e09bf8f792b	0	0	102	91	38	36	0	0	9	0	0	0
3ea9f400cc4e738e62cfb12484fcac4d	0	1	0	0	0	0	0	0	0	0	0	0
82dbc6d45ffa21dc28d5571c463902a9	6	14	25	51	47	28	0	0	0	18	7	15
32c5ba4a53d2c45e16d877c13772d559	15	22	27	15	8	9	29	30	68	59	20	28
9c1db879eb54552b07e1df7e6169ec7f	50	8	65	84	7	17	17	12	18	25	7	0
334fb3f907b5aca595d5e6032c5f169f	14	6	42	17	12	0	7	7	0	4	8	0
befb109d6f88cdb0f3f3f8bfb7afcfef	0	1	0	0	0	0	0	0	0	0	0	0
b78269700f56af41a62ae9ee882b8548	12	0	0	0	0	0	0	0	6	8	0	0
7c2189c01fa35b80a2a8fbba93657984	37	18	34	35	13	10	22	17	17	23	35	22
f8ff97fa714fe1edce804963c4f4cd79	11	6	0	0	2	0	0	0	4	0	5	3
f3ca59455642f22b9f752c2165fcd3c2	0	0	8	2	0	0	0	0	0	0	0	0
091f0039f9699e2b582c467fb547c98d	167	48	30	27	32	72	20	32	54	47	31	49
d4ac6525f8064310476e0a68c778a9dc	7	0	0	2	8	3	4	7	0	0	0	3
b809e07beff3afcc70d4a47345da06e3	0	0	0	0	0	0	0	0	10	0	0	0
471bda2984af907c3dec31147b954fdf	0	0	0	0	9	0	7	0	0	0	0	0
9af86155a9e480e04bfa24d16a7abdc3	5	0	2	0	0	0	0	0	0	0	0	0
7f275b27afa672cdd7ed96298a4d276d	107	29	131	158	24	30	19	17	41	53	32	39
367979fb6df131ade713bbfa54765e27	52	16	20	13	16	21	8	16	23	9	18	18
6243f7b9fb894d780c0e81dc91ab138d	128	12	38	43	10	36	31	25	18	38	21	26
08f79d60ae2196767f99bd5a1e6fab4a	457	267	418	254	219	225	215	298	295	374	246	354
a660e90120948f3482fa4fd775e3f998	10	10	0	15	8	15	0	3	0	0	1	0
2092628b1364caea9caa8bb32e494b85	0	0	0	0	0	5	4	7	0	0	0	5
2702245d666a82fb87e8a864bff074b7	11	2	4	2	0	4	1	0	0	1	2	0
24c3d06b8444bd69e2db5690f8add042	155	237	146	196	203	221	274	248	249	241	334	248
1e949ac02a93a400da67b4c13043e9fc	75	58	59	82	46	53	59	51	74	52	54	50
c70fe024470c7ca3352b198f237b9e0d	126	77	78	112	107	102	90	95	126	131	100	94
670b1d66c366c154063dfda56dbaed53	7	3	6	5	8	10	0	1	0	0	6	6
e893755d2a554882a1353dd4170eb096	49	49	17	25	39	49	61	50	16	22	54	66
75cfb3b865ed322eab49ea53ef6f5923	63	101	110	126	75	116	185	187	108	84	76	107
70797d901f94ad04de297a5288e369ee	17	0	5	3	0	0	0	3	0	4	0	10
76841c5130517a82d084d0d0a15d7a89	167	208	239	217	160	148	167	161	277	286	246	195
a86d8ab77bd34f047e51cd44ebea9d45	459	285	538	458	498	481	431	512	334	379	356	290
a12022db8a306833b963d48c86c96711	196	246	250	237	251	237	322	287	253	314	262	352
178e7c67a1497b079e47386e7ce19739	385	467	309	332	426	446	483	455	676	735	570	597
b98823167fd7421dac14dc550c17b824	0	10	0	5	43	31	29	18	1	0	17	22
b8f4cde0fde19c5c0d78cc385344aa23	6	5	13	6	11	6	7	10	10	9	7	6
b89c7f9839eb4a40382a529eba4ee18f	17	38	0	14	25	29	34	62	25	27	50	45
42de6b34913dfcfb9fd15de4130a061a	234	137	190	212	103	134	143	165	182	131	131	135
b8b5cb0f2be6e0eeab1c2561b8c0b250	4	6	0	2	0	0	0	3	3	3	1	0
c73b1038381b481d8b79df7b082f86b5	162	267	185	224	174	221	262	259	277	303	320	274
460d8921a2b9459ceb5d6119374f5f65	11	18	11	10	4	9	6	5	4	11	9	17
314dfbf72d8d74fac4820ff17f4af668	0	0	0	0	0	0	0	0	0	1	0	0
d308bbf06cc8eabde20596094004e94e	0	0	0	0	5	3	3	3	1	0	3	0
b0c56ead300fe6c57f4fc02a1a2f03bd	9	9	7	5	12	15	8	5	24	20	16	17
e91f4ec4c9a964d13a610b18d8464eaf	0	1	0	0	1	0	0	0	0	0	0	0
f9e2f29b212073ecc4efaceaa71a7a7b	0	2	3	1	0	4	7	0	10	0	0	0
ff587a4f28c84cb0feee67a56410df8b	11	2	0	5	5	1	2	0	2	6	3	2
d53e94c3d897b2a1a2c7d680213fab2b	0	0	15	0	0	0	0	0	0	2	0	0
6de65e2815c96a5369653c04c8d0fed2	6	5	0	2	5	11	5	7	0	0	0	4
03ae7d82a58c2374a1dc6b26dd2cdd00	0	0	0	1	0	0	0	0	0	2	0	0
535234bd6d80538d64c434af9662d17a	7	0	10	7	16	18	8	11	9	0	3	10
359628f0a0683fa8499d6b2abb3ecbf4	6	8	0	0	0	0	0	0	0	0	0	0
b0e415ef5c6a594b583741799c021dcc	3	0	0	0	10	7	6	5	3	6	2	5
290756d8ddb341736280d56b871df728	0	30	0	0	14	16	0	0	23	18	26	34
28ffd81e5d679f565f07b59c2e93de52	0	0	0	0	3	2	10	12	0	0	0	0
bc02f98d7a200bb05772bf9f61d2eb1b	3	6	6	19	2	7	5	2	0	3	0	4
f44e90ec8eabbb8e72ebf1da1d0da2f2	0	0	22	0	20	0	0	0	8	0	0	8
4f175297dd78e914b1e6c8d400173bf9	0	31	0	0	11	0	19	0	35	37	64	38
ece7de8f42b15e24474c652a9c2a4edb	26	0	32	35	0	22	33	40	44	31	26	24
b9779a83e705307c6596e4741240726c	21	14	15	15	6	7	11	23	15	12	10	12
e07de688fb7dd54057b593409b248b43	62	234	99	109	129	136	54	58	131	135	202	189
975b67aaef7fa7b75a8f3b58a1c99781	0	0	27	17	17	0	0	0	0	0	9	23
4f45a2a8513fcc5751651b4d639979b8	24	22	0	0	15	22	10	9	11	19	0	17
a169ac16561954f6744b009821dce7ff	84	130	47	48	67	50	41	31	49	66	113	98
2ee7378332d1a0c506b512532b4309f0	66	30	87	76	0	0	0	0	12	7	15	20
237ffc2feaf37abc95df150df840be01	0	7	22	18	10	13	13	0	12	8	0	23
32d59024b5047b9a564277c85a6ca5bd	0	6	10	0	9	0	16	10	8	15	0	0
bee7f66cb24e2cdbeb380b0cc15fd66d	761	1054	847	652	539	525	309	263	396	350	862	806
c67abd516d54724f0dcc2b38becfe908	198	821	205	138	280	236	133	112	419	497	582	643
3af11e1a594e5c88f71e03f7b27a1b32	82	129	127	104	99	119	57	58	98	135	150	163
ddd8d0b88d67d2178b8e3db3bde2d590	0	0	0	0	0	0	0	0	0	1	0	0
4c6045b87c9af32856c39e8f742f1a71	0	0	0	0	2	0	0	0	0	0	0	0
c667b7a7367b1dbad8a24df3fef9441a	8	9	0	4	0	0	0	0	0	0	0	10
13c192d50cff7e65ab17657c4769d790	15	4	0	8	0	0	0	0	5	7	6	3
2f7300b598e0f129f301e09d17d15d2e	0	0	0	3	0	0	0	1	0	0	0	0
f7ee93fe322a9ab354099dfea7636264	0	0	0	0	0	0	0	0	2	0	0	0
25ce5dc86ed09ed052e5e07229bcb504	0	0	0	0	0	0	0	0	0	2	0	0
b31c938f86522673fc6033277a0a15f1	2	0	0	0	0	0	0	0	0	7	0	0
46c26ad1eb9ff632945ba6a19fc97e3d	29	29	7	8	6	7	3	0	2	0	34	35
b6fc92b706999e8ad24c29e6616599c6	1	0	0	0	0	0	0	0	0	0	0	0
b180a2455b236c103cf0bfe620095736	40	38	22	22	0	10	0	0	0	11	34	29
826b2dad200d99cccec78d01acb38da4	0	0	0	0	0	0	0	0	3	0	0	0
978e2a43227c8515ec417710a38eb23f	0	0	0	2	0	0	0	0	0	0	0	0
87355588334e37072cc72eca655eb4f3	0	0	0	0	0	0	0	0	0	0	3	5
ae8ffe9b090ad010083bdc9e40077224	0	0	0	2	0	0	0	0	0	3	7	5
3018f6b79b299693efa39de86e0e7b47	0	0	0	0	0	0	0	0	4	0	0	0
0d8c861e46dfc3e0912cb67b2018ee85	9	16	9	5	5	6	8	6	3	2	8	3
b057d8e16a24e4bc93eddc2ff50f7c8d	0	0	0	0	0	0	0	0	0	0	4	0
a69ec954b7c12df02d47663339ee630c	0	6	0	0	0	0	0	0	0	0	0	0
f7c82a03c1d8a5b263c4aebc23906961	0	0	0	6	0	0	0	0	0	0	0	0
f8a998aa5b0216713007122b2265e444	0	2	0	0	0	0	0	2	5	0	4	0
3fc0eb87085f7da08fb2c20da71f13f6	1	0	11	11	9	10	12	6	0	3	0	1
30ad73cea6d127d771d5f16de31a5cb6	0	0	0	0	0	0	0	1	0	4	0	0
92576fcafd68e0732b986d3549b452c4	0	0	0	3	0	0	0	0	0	0	0	0
7d246ce4f77ca79bebbcc789ad374d6c	2	0	7	0	0	0	0	0	0	0	0	0
9a5f1de277698c6a773ad36ec7161413	29	19	19	17	20	15	26	24	3	13	24	23
ff76f7baf0f29f4e67f7443634d82a06	0	0	0	0	0	2	0	0	0	0	0	0
391acfba2b699726c6f18654323e3791	35	6	0	0	9	5	0	4	0	0	0	0
70b62b15c8b779945e85c16e654ca7bd	0	0	0	3	0	0	0	0	0	0	0	0
a86546c4b4038e9f40698ad26a982c27	3	0	0	1	0	6	6	6	0	0	0	0
645fe193f8f18f1a00a878ed0bc6ff68	0	0	3	9	0	0	0	0	0	0	0	0
034ebefaa56cca8953afdfe810c5613b	46	94	103	70	54	74	104	140	115	94	74	87
078daf38d4e17e2c105c24bacb69b75a	0	0	0	0	0	0	0	0	0	0	0	1
8bab48fb467a1048338ce9da445e0045	13	38	27	32	46	50	89	53	22	10	28	46
2fdaf14eb348503a58e704d034bf090c	87	163	111	97	191	188	169	149	119	114	150	190
e502d0d5e06c8df527865b053efa169d	13	8	0	3	4	0	2	0	0	0	4	15
668d648028ef87255bd558d083412d35	338	348	393	395	381	383	432	464	437	415	298	477
8335f811ffcadd1838a8109b5aedccb9	50	72	23	41	75	77	103	109	51	82	94	91
4a0b9c9b4692c233074e7c633ed81205	28	15	50	55	33	32	39	21	40	36	22	19
c6e5457c43297f58602cb87c17440140	29	36	0	28	58	35	38	44	20	20	47	39
0963239eed0e5c0113a79f4f69926099	0	0	0	0	0	3	0	0	0	0	0	0
e8020efeb1fa4e4cacb603660b59c584	0	0	0	0	0	0	1	2	0	0	1	0
6fe8e0316c665bf538a50f33ed963c27	0	0	0	2	0	3	3	9	0	0	0	0
06cd022fc34e0dfebb915a3b26d58418	3	7	3	4	10	11	10	9	0	8	8	9
5a0971918e27241bc575fc87e07e7e0b	5	4	7	7	8	8	12	13	11	10	6	9
2c326311c89f51fdacde5ab267d96179	0	0	0	0	0	0	3	0	0	0	0	0
db6d61ad69058d6b381904facf51659e	0	10	17	6	15	13	6	12	13	6	0	4
ded4e4c1f4f1087f58ad8e9cef9fcbad	0	0	0	0	0	0	0	0	7	0	0	0
991b87095bacf35c974a8b816466873a	11	0	7	13	3	5	7	4	5	10	0	3
6542dabcd85998e62324bcb88d27b2bf	0	0	3	2	0	9	0	5	0	0	0	0
e8738af609feea6f1fda54a7d4cf4461	0	0	0	0	0	1	1	0	0	0	0	0
e51fbf39e255a26d1fccaf0b17c90fbc	0	0	0	0	4	0	0	3	1	0	0	0
6fd6c2fecee5593bb1be86c89c122a2f	0	0	0	0	6	0	0	0	0	0	0	0
0092027a54d22ae2d238991a9a9ceac6	61	46	69	100	107	76	77	72	93	45	50	39
d0e90bf9531187c38e723dfecb1aa1be	0	0	0	2	0	0	0	0	0	3	0	0
94b8793d1d872cd04cdd9d03d2e28e55	13	9	12	12	8	15	23	8	17	18	17	7
aba8ea5323812658d9b49deb4ee66ab8	0	2	0	2	0	0	0	3	2	0	3	0
f5c5dde9844d286e4a0f7ef549cb0efd	4	1	4	3	6	4	3	2	3	5	0	0
120a86814df52c8df531853ca34c6572	21	5	14	17	30	12	18	27	27	29	28	18
1afb03c2a86448616edd70027e9f1528	0	0	0	0	2	0	0	0	0	0	0	0
7700b736460d34893283be304d1863d3	15	8	14	10	19	20	32	35	13	21	9	13
35345c48b64ceffd182ebf3db8796b26	5	4	0	0	0	0	0	3	5	0	0	7
c4788e52563e3d374a3f49ff7a1d525d	21	10	0	13	0	8	4	3	6	6	0	0
9cd5a9457c72ead296c6cff7a460bb3c	0	0	0	0	0	0	0	0	1	0	0	0
5817ed254a0870076e4e39cfa571256d	33	39	33	3	28	33	52	45	34	18	39	24
2f9db62c34ccb7e4112acc12035e0efa	0	0	0	8	0	0	0	0	0	0	0	0
ee8494626db1dc8aa3af0d6dc5899d41	0	6	0	1	20	17	12	28	0	0	13	21
f30540054d7e1c0af5222ac68218acab	27	9	19	13	12	22	15	20	9	6	9	7
de392552d4cd137c335c6e3b8599fc76	0	0	0	0	0	2	0	0	0	0	0	0
58bca902473ae23d18494ec5d3161e54	7	12	0	16	4	5	7	4	6	2	5	9
6d139f1dc7f7cb1297129c46ca888fe0	0	8	0	0	0	7	5	4	0	0	8	6
fbca390b022b7c885f402dfb726ef93c	0	0	2	0	2	0	0	0	1	0	2	0
05c7e8dbd5d34ebe94139c83582b214c	0	0	0	0	0	0	2	0	4	0	0	0
6c0b2906b039783f9820ad33698984fb	8	4	0	10	11	6	7	7	4	10	2	0
fa970961eaf364271fd54d415d3f0658	3	6	3	1	9	5	12	18	8	1	6	2
9167824595da2b7a9d5d81432a644cc0	0	2	0	1	9	5	6	2	1	4	2	1
ff6fca2f9c3377473bba2649574d99e1	0	0	0	0	0	0	1	0	0	0	0	0
1cf25a80a0d599495c429689593d5d8e	1	0	7	4	8	10	17	8	4	3	5	2
3244c0d8e413831548932cc44cb64ff2	14	8	19	18	18	12	8	16	9	10	6	4
702f0d8806126bcf8b955a43f4026232	0	0	0	1	0	3	0	2	5	0	2	0
c5a950791f59d66deba02d41e1fd4045	0	0	4	0	6	2	2	2	0	4	0	1
f40283db9f7a6bd3f15640f272dd877c	1	0	0	4	3	3	0	7	4	6	3	4
80d0ecd15b7652e72384d3f0b2085982	2	3	0	0	0	1	0	0	0	0	0	0
a36931e88e8c0a426d739a329e9b7cbf	0	0	0	0	0	0	0	2	0	0	0	1
130195d57def7bf94617825321081e5c	0	0	3	0	1	2	3	0	0	1	0	0
641fd569dbfd1e8f22d4fbeff3ca7595	1	1	1	0	2	0	0	0	0	0	1	0
96ff4e65c7d750bfd2f996817da07936	35	17	33	16	30	19	25	22	14	15	18	21
f7a9ef07fec0ad7c9e04855f37de6890	35	3	45	23	0	0	0	0	0	0	0	6
a82f3689d2560c5859befdb3cada26fe	10	0	29	37	0	0	0	0	17	0	0	0
ace9f32cd620feff5301e250b022d117	0	23	11	9	11	15	16	16	22	19	18	20
a335b4a46c6e3f93fdf9201b62c632e2	257	287	321	366	210	187	220	236	488	360	266	271
2e009092df813643f303457c87387ced	0	0	0	6	2	7	0	0	0	0	0	0
c989e0c7151924b5abaf96ac438949ae	9	0	84	109	0	0	5	3	4	0	0	0
5d235ed534edae5f0c5275079cf7134f	20	18	27	47	53	53	24	26	23	31	31	25
6d930179bf13b8bd9beee43b9d594175	8	9	4	18	1	0	5	0	8	0	5	0
b4b81b2c43af99632e0909857d0d1a62	0	0	0	0	0	5	0	0	0	0	0	0
4ba475785c23503181b15bc3a4acc31a	0	0	0	0	16	50	8	24	0	3	8	0
64f62a32690844c5c7ad7b23af6f82d7	0	0	0	0	0	0	0	0	4	3	0	0
91ceac0f00dfafc7a7db6e8c20ed8d00	3	0	0	2	0	0	0	5	0	1	0	0
281825b2aa0670405076255b090bb4b7	0	0	5	7	2	3	4	0	0	0	0	0
194423358fa0915a713dc51bfbd5434d	17	20	28	25	62	40	29	22	23	12	10	0
8cbf9bebfa62777f4db2cd78f58b8ec6	28	13	33	23	18	21	7	10	12	4	11	2
ccbd2c5fb9fb9b495b7c17e827ea9fab	0	10	0	0	0	0	0	0	0	0	0	0
a29169c990ae78aaf51120fbccfdd957	0	0	5	5	4	2	0	2	0	10	0	0
568ae68b430f33aa0573c6232f65c829	0	2	0	0	5	5	0	1	0	0	0	0
7bda6b5c77bab9b7941ca815342e6c3a	0	0	0	0	0	0	0	0	0	0	5	0
af837cfb0ec0f2ecd1320ceac5c553f3	3	0	0	4	5	10	12	12	0	0	4	0
2da8d3dcb81a7da7f768a1d12d23c8d0	9	6	9	19	4	3	12	7	11	8	2	5
684ecb5d6a9951606f353eded55e6da3	0	0	0	1	0	0	0	2	0	2	0	0
cca5be5cf4242b3d7824d6c14d32e91a	56	120	102	108	85	104	101	79	190	174	92	107
26a72ec988f974e450a3b7a24c67c25e	5	3	3	0	0	2	0	4	0	0	4	0
10002e1ef328ed832d7d6e5d751d624e	3	0	0	0	0	0	2	0	0	0	0	0
64c155d61895e6b5bd4a729377d5a610	6	3	6	3	9	12	12	11	0	5	0	0
d69bd8b1c9e6460c1e9c0fb2bc8da45c	10	0	26	13	0	5	8	4	6	3	4	6
a2d0d6b9506962dab3224d418d3bf6cf	0	0	0	1	0	0	0	0	0	0	0	0
5c2b647089d6106ef3ccb34d6666a52b	3	8	16	6	9	6	15	18	5	8	5	4
fc561498ce63d5f608b2b4faeea47c8f	31	16	26	30	19	10	19	13	8	13	8	8
deb1cd3affc4471cc839e34e02229efe	6	5	7	5	8	16	17	15	4	8	4	3
9f8da345f26a7e41f410981e6bc7a728	3	2	0	7	15	11	7	1	13	3	4	8
db48168e4e6a36adbd5dee94c82aec55	18	13	34	49	31	34	23	33	31	25	8	4
457eb9135d3f0650ea2cbba9952dae38	110	103	148	145	93	122	120	149	160	162	107	128
1c334abcf7104d69f9d77e9a9d4931ee	0	0	0	0	0	0	0	0	0	5	0	0
d269a41fb39fc753d8df8faf9efec3fb	6	10	3	4	8	2	9	22	17	23	8	6
ce6387d3ecf81bf87e2bdf4c395fa8e5	51	46	21	39	47	54	41	33	39	40	33	41
f12ed33e3dd474f54c82a7244a019879	9	0	0	0	0	0	4	0	0	5	0	0
338c82b42634614d671e52bf4ffd7873	0	7	0	0	12	7	10	7	9	9	9	12
cbc841ecf129c45837a3fafd2fa502f1	106	52	51	77	89	94	70	72	91	92	88	79
05e65286da769a69fde684abd4a77cad	127	194	151	162	200	261	256	261	250	261	203	213
69304f4fbeb4f27496b47ee59fabc932	0	0	0	3	0	0	4	0	0	0	0	2
4ae5e6eb5a279ec38ec02c6177529b61	4	0	3	5	0	0	0	0	0	0	3	0
e1791e47cdf431256e2463eddf0bd12b	31	20	29	31	11	22	10	18	17	15	23	20
71280e8cc338b3102c3008b062d3ad34	24	0	25	23	0	0	0	0	10	17	0	0
436e0fb85d6e53243b970c4f328417c4	32	38	26	44	34	65	59	59	53	39	50	40
0ae6891e87ab80d23b75485e5575af73	184	54	104	127	36	63	72	59	191	204	62	83
25bad75294854b332ca8baf05cf9319e	10	5	0	0	7	9	4	6	8	7	12	12
c499bc0a14a2e4f73a06683dfe3fb619	0	0	4	0	0	0	0	0	0	0	0	0
0fc3870ee76000e008521d2bc52b5ce7	48	54	12	14	38	66	45	40	17	21	35	38
2f2dd5d63aa85ba805bc124d520d0be7	0	0	0	5	7	5	6	0	0	0	0	0
87e2a48199410b835d8de7514f1d5ede	23	14	27	14	12	6	6	0	4	0	6	19
9e24aaa70167707f055e17a6a247d357	0	0	9	4	0	4	4	0	7	9	10	0
c36c3876390c096b5a229ccabdff8ec8	0	0	0	0	2	0	0	0	0	0	0	5
31f99b6edd2d46880ccc919ab90d6016	34	19	29	35	43	46	17	20	14	23	24	16
31c3c3d3803126bf4fb44d1371f22700	100	41	56	67	78	109	63	60	138	161	39	47
5cd0d832c1e110b3e9d9117cdcff79e0	65	16	29	43	18	20	19	24	23	32	19	12
ed660b41cbbf3523438601de51566eb0	127	136	168	200	111	128	145	126	92	86	173	105
598eabbdd37a061f7fa2495504d16a26	5	4	2	1	16	15	3	8	7	0	13	10
e4a9c17887af349436e4495e602d45cb	0	0	0	0	0	0	5	0	0	0	3	0
ff872f9f618a8abd82afcc53c1d7101d	2	6	16	5	9	12	10	12	5	10	9	1
8cd184f09e5f1a6964145be6a258d9bc	13	12	4	3	18	23	10	13	15	21	10	10
b582371c9cb28e9ec69d63177a03db7e	0	0	0	0	4	0	0	0	0	0	0	0
c20c4bda526f682a0b596ab18536900c	16	14	22	20	24	19	18	25	16	18	12	11
80b7c5541f8a80d126a451ff3a708ad3	49	27	65	81	74	32	35	3	46	60	21	18
7d42d32993100ce64c963c566aadc721	58	83	52	68	40	44	41	70	37	61	71	25
671a58b17299f2eac7b8627c6bb565be	12	20	15	27	45	49	31	27	17	25	39	12
955a2a01e19e7545dbf5796cce14f1d4	0	0	18	8	0	0	0	0	0	4	0	0
245e7d646f2a6707fd298a9c1fb150d4	0	10	0	0	8	21	8	0	0	11	9	8
147a95423109748b9f835baaf97fcc5a	0	3	10	4	0	0	0	0	3	0	0	0
86316a4b85ce550a2e8e3b3d6bfa1e5a	0	0	0	0	14	17	18	10	9	6	0	0
23ede67b1dee3e14dcef3782bb308767	44	57	66	81	32	48	25	18	55	53	31	16
c49f8c151c43fd9e0ed7ed9bad38fa18	0	0	0	0	0	0	19	38	21	0	44	33
ee444736d9518a70b080ba5c5bae8d63	7	0	0	0	0	0	0	0	0	0	0	0
46db6d6067b612ae9c2dc3911d9bd630	1	4	0	7	2	1	1	3	16	3	0	0
7b71cb8510883d81a3878efb36eb073c	3	0	0	0	0	0	0	0	0	0	0	0
cda9a969b6e31b830b48b4d6cb221237	0	0	0	0	0	0	0	4	0	0	0	0
744dbcf4af334c630605fa9000c112ce	1	5	10	9	4	0	6	0	9	7	0	5
e8207f6d2dec1591bf298cabe94892a9	131	95	196	136	70	83	73	66	88	97	100	152
2e5317cfbba31c6131b28445d0d3d1ea	27	7	41	27	7	4	3	4	6	12	3	5
1f7973927f949c57c9372a2f19f44f8a	29	4	5	11	6	3	11	0	0	0	3	13
7f088a669a965d98631343d446a194f3	0	0	0	0	0	0	6	9	6	6	8	25
17ca614f035c9f35cf92031136596080	5	0	0	0	0	0	0	0	0	0	0	0
56de84213906a1cf9640a1a01ed01c26	3	0	0	0	0	0	0	0	0	0	0	0
0c9ac5ac3a07917fde46d20da25de2e9	27	0	0	0	0	0	0	0	0	0	0	0
aa7dbbf8fce32a2019e03ac1a502e831	111	11	38	21	6	19	6	10	17	19	12	16
e5ec49732c5a3882fb7bf45f2d547d9e	265	41	35	21	53	47	34	49	30	45	25	24
c1c2f820d34f856a33e2d6b79aa12442	17	0	0	0	0	0	0	0	0	0	0	0
4415fcf1c3c8bf58593f97eb1fb40dba	0	0	0	0	19	14	0	0	0	0	0	0
bbbd3cca772f231ecd006ac51f242cbf	30	31	29	45	76	63	55	26	17	12	19	25
09e2719a89d68c5dd6bdecf4350e03f1	0	4	2	0	0	6	0	0	0	2	6	1
fcd6a23cd45192aa76f7f22d1679da30	92	47	67	32	63	67	77	83	64	50	64	48
d755a9820fca4fb971915ea8cf484d8d	122	114	125	98	206	202	132	117	108	124	122	166
76b21d4eea11566dd1c11ddd51a64cd6	9	8	0	0	12	11	9	15	3	3	11	18
b1e8d244504e82321a79feaab1c2ec0b	4	1	7	5	3	6	3	6	5	1	2	4
66fe58f8000d9b228d59764db363a7b5	0	0	6	1	0	3	0	0	3	3	3	2
524611532c78465eb4aea9658e2b68df	6	8	3	8	4	5	5	9	4	3	0	2
5b47ac599c5fed45753e3c8c953b0784	4	18	12	4	10	18	13	4	15	8	2	15
c99504075cccf33c6aa6c65d2ddcea3d	216	499	194	202	271	322	439	399	362	337	560	450
df805b278e248780d6e351125b461a16	32	53	71	61	47	49	52	45	45	33	50	59
1d6dfb5a3340765dd48630531dac9a1b	0	0	0	0	0	1	5	5	7	3	0	4
608bf32ed8feedbfe4d842e5d932eab4	7	5	0	7	9	5	6	10	3	0	0	10
93fa9d65d2af040c3ae73a66bc891670	0	0	0	0	0	0	0	0	0	4	2	0
a0963a6c41e5a050ea8450b43d6bc8e4	7	8	0	6	8	0	10	3	4	0	5	7
689b38204d38ccf87a2d0e1f669db60d	0	0	5	0	0	0	0	5	0	0	0	0
56b2fe81c6a68c5c0ab3f1c2c0ff06cb	18	6	13	26	19	14	13	4	26	28	6	3
a774fa6256f9548a188e8162194325ca	0	0	0	0	3	0	0	6	0	0	1	5
684817436394b75b9e8d13f0e3dbbc76	10	0	16	8	5	13	0	0	10	14	0	0
ac7f91853332deb7aee6de1a8acba07c	20	23	4	8	9	17	23	22	11	22	13	28
306362657db7872818a69eab489f7c76	6	2	4	4	3	3	1	0	0	1	0	0
0b34f36738a1dbcb72a462111afd48ab	0	4	0	0	0	0	0	0	0	0	0	0
e1da38333d3549cf427ad07de4d14ee2	3	6	0	6	5	10	2	0	0	0	0	0
8d18152e15bace5368d251ca084f89dd	23	2	29	39	9	4	19	10	10	13	0	9
5e38a23f531ebc385db7ddbcf8d107da	0	0	0	0	0	0	0	2	3	4	0	4
1e7495c24e6a5b44263dd87e7e795692	3	0	6	4	4	11	0	0	0	8	0	0
93a6dc0ecc35298b3a7edc8f8548baab	44	29	36	60	27	28	33	34	19	17	15	20
b1820f75e2737bb5b4c1d0273d6a9957	0	14	8	21	30	34	25	24	11	19	15	4
e2c61a13928e6653765c9cd77078cfc9	5	5	7	0	7	10	17	15	3	0	6	0
b86ae14e91113a5079802090db22c4c5	3	0	0	2	0	0	0	0	0	0	0	0
cd6467c0576e21726e9ff95b2c7bf3e8	10	12	4	5	6	8	6	8	5	5	10	0
15af66639957c9be33a42827f58b7296	5	3	0	0	2	2	2	0	0	0	1	0
f68ce7631fbedee135d610b64acfd21b	1	0	0	0	0	0	0	0	2	0	0	0
22f5b9108a3bd13de59db9eb62bd9720	2	0	0	0	0	0	2	3	1	0	2	1
530fd68936bb5b415f0f78b24e1afef2	0	4	7	10	5	0	5	7	0	2	4	3
df8cbabe34580cdb283a64b357dd89d9	165	82	138	153	112	91	114	100	81	89	86	83
7a8f26a5aeac5fa824f253695404751c	0	0	0	8	0	0	5	0	0	0	3	0
132cd49c27fadb7d2ae1c1d3d1c82000	31	32	27	8	18	19	9	29	2	3	14	23
88539d33fd5993bb74d727b84798fad9	0	0	0	0	0	6	0	3	0	0	0	0
fc5dff07cc447c531786910332896b3a	19	0	5	9	0	0	0	0	0	0	0	0
d50bdbc161ea9e2037f003774d26679b	0	0	0	0	2	0	0	0	0	0	0	0
a8c2caac8cafe5236565fb2179f045ed	0	3	0	6	0	2	3	1	0	3	5	0
32609c3c3a3555d6fd41a4a2789331c9	0	0	0	0	0	5	4	0	0	0	0	0
9eb2cf8c5df53670f9ca354e2fefdfde	6	0	21	13	13	0	0	0	7	7	0	0
2ae61fd751d7381bdc420cced29af6c4	14	31	7	19	39	43	55	48	46	27	14	16
f3e719a87f0e7b9409889382ec067df0	1	0	0	5	4	10	7	0	2	3	3	2
7e4d4c257411075c2621cf9ca9b6bb12	4	14	24	16	49	50	30	36	23	23	11	11
9cd00a9626647c347365c016acb4f080	76	46	38	41	43	19	28	26	16	20	19	38
818960a3eebe44db1d9dd399ae52e5ee	5	0	0	2	0	0	0	0	0	0	0	0
942b4f5a8d8d6e18f52eccddd615ecf1	3	3	3	1	3	0	2	0	0	3	0	0
5c39aba29939bd6fa9032ba81fd820cb	0	0	0	1	0	1	0	0	0	0	0	0
71cb991f48fa32fc851dbcd29f5007ec	0	0	0	0	0	0	0	0	0	0	0	1
e8b6277366be636abb7d3ad1a24b1921	0	1	0	0	0	0	0	0	0	0	0	0
7883d595a43db0d252e37c350136255a	0	0	15	0	0	0	0	0	0	0	0	0
11c3a5dc6b095917c39e75b757769018	2	0	5	10	0	0	0	3	0	0	0	0
6583aded8dfc2835542c720d201feb19	0	0	0	0	0	0	0	0	0	0	3	0
c930f43e307ddf54dccaca01d874a89b	0	0	0	6	5	7	0	9	0	0	0	3
013ec711c373f86d9eb232c33d3d5ff0	0	0	0	0	5	0	0	0	0	0	0	0
3239f6cc6b2952c737a3aeecd9bd2ef1	3	0	0	7	0	0	0	0	0	0	0	0
7fa78770cf21f5b275de20a8620559fd	14	19	5	0	35	22	23	21	8	8	24	30
3eeb74a94fb27530c5538d6ba295622d	0	0	25	21	0	0	0	0	0	0	0	0
7ec16fffcde394b2e307795a58a97af8	38	70	100	55	106	84	66	87	50	45	73	110
d19395b8b163961183f390baaa032fd1	0	0	0	0	181	69	10	9	0	0	0	0
139a9099a7fb7ee62a592358bc849518	0	11	6	0	10	8	15	12	11	11	6	12
e1f3e0f9317f0544e27df0a144c3536a	2	3	0	0	0	7	3	0	3	0	0	10
f8ebda41e7987740fe5ec7fa24d0e2b0	22	29	10	10	44	26	18	13	0	0	11	22
ab1b4560a447f341c405a694f6e6dc94	0	11	0	0	83	38	32	40	5	4	12	14
bd55657fc5a77f9a9739e7d29e8d6432	8	41	0	6	83	49	46	60	29	32	46	58
84d52512e5aa85a0e38622f81c997b55	0	0	0	0	0	5	0	0	0	0	0	5
9bac693323878cc81ffff174a501090c	15	104	22	17	118	100	39	123	23	19	68	91
3970d414379d12a1142137ce570b905d	0	0	0	2	0	0	2	2	0	2	2	0
44a8bf8f8ec37a0e6179057e0112739f	0	0	0	7	0	0	0	0	0	0	0	0
92fe6476fbb4634cc98d8b12a784fdc8	0	0	0	0	0	1	0	0	0	0	0	0
5e3f3196be712bdb3486a6491a9cec02	11	0	6	4	8	0	5	0	10	10	11	8
58d86feaff604a64e5f9e5ab04ed55c8	1	25	7	5	29	16	11	26	23	12	20	31
df7c91953a19043993d27dee4236fb80	0	0	0	6	0	0	0	0	0	0	0	0
bc5692eaf0591b4ce1cff3eb99b89f6e	0	0	0	0	0	0	2	0	0	0	0	0
68e70c1bf44d995c6a7920ed71259f12	0	0	0	3	0	0	0	0	0	0	0	0
9bfb8c2ec0ab19ac4655b2cfca0902fe	3	4	10	16	7	2	16	2	0	4	7	8
4f35d7a333e199eb076159e34ba65cce	0	0	0	0	0	0	0	3	0	0	0	0
061f883ba6089f0748b8933cde9afdc0	15	1	12	9	0	5	11	5	3	0	3	2
6054ff1bfc0cb171a8caf9708aec93e1	0	9	0	3	9	5	7	5	3	0	0	4
cdd5db13d3e2979c80f81bd66b85bd60	69	88	87	79	182	175	136	139	83	58	150	116
a1588bb7a5300f83ff6aa3aa1646b715	0	0	2	1	1	2	0	5	4	0	3	0
9ab51cc8fc9bc02257ea4600f7cfb390	22	9	0	20	18	18	17	17	29	40	18	3
c38e2c81512b49ac963bf5a1495bee4c	4	3	9	0	1	4	0	0	0	0	1	0
1265888928e392b370994fd6d8b64bfe	0	0	0	6	0	3	1	0	0	0	0	0
71b37e28eb884be73dfdb98ef8912997	6	7	9	8	13	12	10	4	4	3	9	8
5c2c309416822015c57a38ab5205df17	0	8	0	0	0	0	0	2	0	0	0	7
36c173b9da8dd214e0ed24153bfb6d07	0	0	0	0	0	5	11	12	0	8	0	6
e445dc33360d0067d31b95bc78e5b394	0	0	0	10	5	0	1	2	0	0	0	0
7277b8b74ae37b1b0bfd561a940c0e1f	0	0	0	0	1	0	0	6	0	0	0	1
b79f5ea532e974d0b6eaf9a5c42bee44	0	22	0	0	0	7	12	12	0	3	14	16
65d7d3a940d0f69bafd29bf531582305	39	29	23	17	23	28	15	8	13	3	27	24
4a35a02ff35f793527252fc01b5d3240	7	0	0	0	0	0	0	0	0	0	0	0
83e2509c3845246e521895d50137ebcc	23	51	0	6	52	63	37	42	7	7	73	62
a553c5aa7033d527d8a9ca4a0bb33235	34	46	30	51	62	55	65	43	69	75	43	29
6442b735b8494de92258c3a0d6821f96	12	3	0	12	0	0	5	0	0	0	0	0
1b0a6219618bac0c3c264ea72a08f6ae	10	8	0	9	16	21	13	13	0	3	0	4
97c775bcafaac12bcd3b563e016629ca	0	0	0	0	0	0	0	0	0	0	0	3
ad1580e2016d111d851cb463084221da	3	0	0	0	0	0	0	0	0	0	0	0
22b3932e97ae75ab51597f306dba5eea	14	5	7	10	1	0	3	2	0	3	4	0
1897c3e84584675fc960552936ea01a7	0	0	0	2	0	0	0	0	0	0	0	0
d285c0e763e7267deea73295242d0edb	0	0	0	2	0	0	0	0	0	0	0	0
bb44388cecc049202438c1cdfa17fff9	0	0	0	2	1	0	0	0	0	0	0	0
7169c9a09b766cae87eefff7d21c1fff	0	0	0	0	0	0	0	2	0	0	0	0
b86657aa0fc15c823015975fe038f151	28	20	24	13	21	17	23	31	16	13	44	31
431c7ee2f738d37f675fde0e64787815	50	216	47	67	221	269	222	227	76	84	243	52
47d81419f3378033e24370e5eace5925	267	729	223	344	762	804	865	811	654	776	830	8
b43d0b6337f5c54f61af135f3ff8b884	90	69	41	91	56	47	70	71	65	79	86	60
28db62027ead461d15c91002915dbe55	0	0	0	2	0	0	0	0	0	0	0	0
38a2854f8a1100bba742c25b64d6aec3	12	11	14	9	18	12	28	13	0	0	14	29
b269bef0079d59d6f8be1f7664b14e81	7	0	0	0	0	0	0	0	0	0	0	0
58de505bbc8901ab3cd28955cde4882e	0	0	0	0	0	0	0	0	7	6	0	0
a93750a696b09bb0ef6225419a4f7d34	3	7	5	3	4	6	0	5	0	4	0	4
9256f22426c906f66505a312ff323615	105	103	64	66	91	84	86	69	63	68	97	105
5cee921a269e51332c3bcf56e6d37bcc	0	0	11	8	0	0	0	0	9	2	0	0
52624405686b57d019a580f6d9bc325b	10	14	3	7	11	6	15	12	2	7	18	25
f65be7836b16345e1cb2b1eed39fe1ed	0	0	0	2	0	0	0	0	0	0	0	0
021a60490bbb93b30a1e1a0019223750	4	7	0	0	8	8	11	12	9	6	6	6
f001a3eee53c54434623454aaa1f492b	0	1	0	0	0	0	5	0	0	4	0	0
49228fe05143e2d5fa40092d165e43b9	0	0	0	0	0	0	3	0	0	0	0	5
f898c7a8c566d0beb46d5448dde2387c	322	219	475	378	175	208	207	206	242	171	211	198
48ca5b4f7cb58d4a146837de341a2604	0	0	0	2	0	0	0	0	0	0	0	0
9aed2a8131cf50dc001f84826961dc11	48	89	28	17	31	44	70	84	38	30	77	78
19a34ade402e10ab90c0a22bd9bdcaec	20	81	2	16	50	64	58	77	24	30	59	85
0d576c2b86e913e9dbc889252728edc8	11	21	25	17	54	46	27	26	25	12	27	24
d3be9d4e5dd8e44433a3f3eaf02cb12b	14	31	25	28	21	13	36	41	43	43	23	37
91fdd05c03817d588c0a50531736cfee	0	3	20	9	23	10	16	17	23	16	16	0
6baf3b938e3e0d05b49830ba13d7dbba	3	0	0	0	0	0	0	0	0	0	0	0
4da7f59470d76af5f87cc19ea6708c64	0	0	26	10	8	9	0	0	3	9	0	0
4ad971c62b153d257deaacf4788e3112	26	42	14	26	65	55	39	25	18	27	26	23
913e8b6ddca7947f95db836301d8e9cd	5	0	0	0	0	0	0	0	0	0	7	0
049e6f182990799b700d79450499710f	11	9	0	0	8	7	7	12	0	0	0	4
8991495759af1c33c1ae73c8bc441170	27	15	24	22	24	24	31	17	7	18	8	26
c55427fd088c4f06f08b25e30ff5677e	5	0	17	20	0	2	0	5	0	0	11	0
26450c239ee044057fdb77c9ebcdf521	0	0	0	0	4	0	0	0	7	0	0	0
312ea635850b98acd5b23c059a152d2f	0	0	0	0	4	0	9	11	0	0	3	5
adae8a46239a2d87cf6b3187212b0c5d	70	66	76	71	135	94	98	104	97	61	94	82
6ebc11f66e23028e528ef60e0af03c3f	7	13	10	9	18	16	19	19	11	3	0	19
8146ee2d59829efaa8d75f9655c5ef42	0	0	0	1	0	0	0	0	0	0	0	0
84e4f817f54ee2f5785d8caa8c371879	9	15	9	10	18	9	21	19	7	0	8	4
4278b742c19ef546fde907673fd62d2b	6	15	10	5	15	10	13	11	1	0	10	6
0d701f52667004788afda0db910317ec	0	0	0	0	0	0	0	4	0	0	0	0
3a2380cdabbd1fb0210821849e9684e8	0	0	0	0	0	0	0	0	0	0	0	2
b183dea29e8ff82d1810c1948121c61d	15	10	4	10	11	12	7	14	10	11	12	6
691d81ed2be24b247db4e6869f89fe6b	0	7	0	0	9	16	15	8	0	0	0	8
f97a7d83e3df202c7a2e8d765ee65b5d	15	60	78	78	101	77	86	114	22	10	69	77
d940283de678b9ef93da553438afcd90	140	91	307	270	110	99	110	113	214	188	82	84
8872895650bd7f8b8f590b755673539a	0	1	0	0	4	0	0	0	0	0	0	0
e27c6d4e981d799d425f1d1087f9acb5	0	0	0	0	3	0	1	0	0	0	0	0
31598122d4e93eec06865e5fd482940b	20	27	30	30	32	40	22	31	13	18	21	30
0fe727f4a8da01236a9d6f9b4c7b91f3	17	37	49	54	59	53	81	49	40	36	32	37
ea89b8ec2a6fe74cc03b9fa62efb1562	0	0	0	0	0	0	0	2	0	0	0	0
3362985e7b1795ad87864f9d7e8bf36b	2	0	0	0	0	0	0	0	0	0	0	0
a54c9ec343ee3576f012c0fce44536ae	0	0	0	0	0	3	0	0	0	0	0	0
10911785d54a70d1c13de6fc442c5df9	5	27	0	0	27	15	13	15	4	22	25	25
5ff3bddd8a0532a2ea423e9309626d83	22	0	10	11	0	0	0	11	16	2	15	22
1b0801144e607aba900c8e57161e5ec0	0	0	0	0	0	4	5	0	0	0	0	0
7a53c7b2b58a7febba15f11020a5f1d3	0	0	0	0	0	0	0	0	2	0	0	0
9c4e79994ae199d42df264f168886a27	41	164	109	84	186	149	173	158	78	100	137	162
977591ab2d240bd8cd37c2dc739cd131	0	0	0	0	30	13	10	5	0	0	19	32
a5a8338638c0ae70ffbd650807ef9686	9	4	0	1	0	0	0	0	3	0	0	0
c08ff1372e7f07754e79d6c979a5f1e9	2	0	0	0	0	0	0	0	0	0	0	0
4e58ec557180096e695bb1e3391c4d19	0	0	4	0	1	2	2	0	2	0	2	0
bc9a26a7a1d41d3e67afc9e000a886ed	0	5	0	0	0	3	7	10	3	2	0	11
e45f8bcb93112841932523ea07733713	2	0	0	0	0	0	0	0	0	0	1	0
b0b40c1c9cff6d539249133d8f0e9649	0	0	2	5	0	0	0	0	0	0	0	0
4305c58d7d918a941973bb38bb3836dc	17	16	31	23	42	37	58	54	22	23	25	25
bd49bd8160bd23f31b98558d13480b0c	0	4	0	4	9	13	0	0	0	0	2	4
8881cf897ed369c6d1558b90cf9a37c3	172	62	287	260	100	98	93	105	117	145	44	86
6d5eac609853690cd94333ee3dad8d66	0	0	0	2	4	7	20	27	0	0	0	0
218ea8986937719bc132747fefc72100	42	133	104	117	149	129	199	223	96	91	124	167
3fed5721370188aff8d26b257f0c8518	3	6	4	0	10	4	13	12	11	9	5	17
fdb5efb0e0bfd56dc9d043686d497a6e	13	0	0	8	0	0	0	0	0	0	0	0
f01f6795d9bd1f7e3549ff102ae12d06	164	188	202	169	233	257	253	206	130	169	140	197
ac65a7ba709132b64c7e61fe914d0d07	26	14	41	20	13	18	19	13	9	19	15	20
76bcb76f0ebe15dcb3a35965ce4d26c0	0	0	0	0	0	0	0	0	0	0	0	4
4c2688f8e52c5902bebf66bfe433cb40	0	19	24	8	13	18	0	0	23	11	21	13
ee42cd1580d28cf6b76a9b33a5ef72ef	0	7	0	0	0	5	0	0	0	0	0	0
0a303483085cc652c36f2c496f414cd8	4	0	0	0	4	2	0	3	0	3	2	0
cab156fe688dfba7a40f4abe54db3fa4	0	0	2	0	0	0	0	0	0	0	0	0
f20f2f0ca8470f013e584e97f31d23b2	1	3	0	2	0	0	3	0	0	0	0	0
0e840ff1bf80d058486c7e2200868315	0	0	3	1	0	0	0	0	0	2	0	2
d8cfb00e46536d5d272bfca061fc3bf6	31	106	34	22	88	84	95	97	79	69	80	130
dc27fcc11741fc46a06c085f0ac9438f	35	78	53	88	126	116	108	125	115	99	75	67
365c3329b0e68fd488f25134d3dff719	0	10	0	7	0	4	2	1	3	8	0	3
